Kata;Bobot
 a;0,000409795
 adil;0,224122654
 adil;0,207534225
 adil;0,190492082
 adil;0,170960332
 adil;0,156258288
 adil;0,154404272
 adil;0,152134229
 adil;0,151087495
 adil;0,149649813
 adil;0,147598034
 adil;0,145676704
 adil;0,137078475
 adil;0,123834245
 adil;0,114118172
 adil;0,110913865
 adil;0,092877106
 adil;0,077011542
 adil;0,018271615
 adilsehat;0,074668917
 administrasi;0,11684302
 administrasi;0,106034031
 administrasi;0,096914887
 administrasi;0,064097187
 administrasi;0,054492142
 administrasi;0,028786882
 agama;0,025319368
 agresif;0,015396795
 akselerasi;0,016967511
 aktivitas;0,009511525
 akuntabel;0,070260022
 akuntabel;0,032195945
 alas;0,038422395
 alas;0,024111055
 alas;0,016900635
 alas;0,010170508
 alas;0,007486942
 alesan;0,064455391
 alternatif;0,039625372
 aman;0,01809847
 aman;0,00324985
 aman;0,001678161
 aman;0,000884922
 ambil;0,000422778
 amnesty;0,000590457
 amt;0,043644003
 analis;0,018469537
 analis;0,015042541
 analis;0,01493494
 ancam;0,049481849
 ancam;0,018511302
 ancam;0,012253022
 andal;0,033802976
 apah;0,000476574
 as;0,047352966
 as;0,041436563
 as;0,036846912
 asemm;0,002277151
 aset;0,028223427
 aset;0,008353469
 aset;0,004082453
 assuaibi;0,024538553
 asuransi;0,02907684
 asuransi;0,003685803
 atur;0,074784829
 atur;0,053097022
 atur;0,045114241
 atur;0,041828181
 atur;0,040397734
 atur;0,036094463
 atur;0,035602516
 atur;0,033007359
 atur;0,029941956
 atur;0,021940185
 atur;0,020162353
 atur;0,019505339
 atur;0,018930998
 atur;0,017089569
 atur;0,017051779
 atur;0,016873895
 atur;0,012099684
 atur;0,01089579
 atur;0,010606111
 atur;0,010144431
 atur;0,009767189
 awas;0,033526579
 ayam;0,000448027
 ayo;0,086371662
 ayo;0,051376538
 ayo;0,016498034
 ayo;0,015363745
 ayo;0,012860564
 b;0,00263451
 b;0,000597095
 babi;0,000859854
 babi;0,000501311
 badan;0,121926401
 badan;0,119984613
 badan;0,116383136
 badan;0,080038222
 badan;0,049583407
 badan;0,033157412
 bahas;0,02078183
 baik;0,068679131
 bangun;0,025730678
 bangun;0,020396526
 bangun;0,005136434
 bangun;0,004624009
 bangun;0,004360457
 bangun;0,001486422
 bangun;0,001131536
 bangun;0,001103692
 bangun;0,00063785
 bangun;0,000225467
 bank;0,000684987
 barang;0,011445129
 barang;0,007533869
 barang;0,001357333
 barang;0,001229128
 basis;0,166528952
 basis;0,063370746
 basis;0,04741819
 basis;0,039614668
 basis;0,019656168
 batas;0,019123092
 batas;0,005850151
 batas;0,004893542
 batas;0,002195191
 bawa;0,00814349
 bawah;0,023049837
 bawah;0,010598061
 bayar;0,233406866
 bayar;0,231699295
 bayar;0,193806786
 bayar;0,156145906
 bayar;0,155978379
 bayar;0,139412277
 bayar;0,13310267
 bayar;0,122431816
 bayar;0,117316687
 bayar;0,115169926
 bayar;0,10178428
 bayar;0,098957612
 bayar;0,096773293
 bayar;0,094502206
 bayar;0,092891084
 bayar;0,09039274
 bayar;0,088259186
 bayar;0,085477751
 bayar;0,0711479
 bayar;0,068707012
 bayar;0,064141378
 bayar;0,061887265
 bayar;0,058978145
 bayar;0,058565306
 bayar;0,058262199
 bayar;0,058011617
 bayar;0,055494189
 bayar;0,055288245
 bayar;0,051031656
 bayar;0,050740513
 bayar;0,048943669
 bayar;0,048236058
 bayar;0,047624117
 bayar;0,047450125
 bayar;0,047094366
 bayar;0,045718658
 bayar;0,04564234
 bayar;0,045171863
 bayar;0,045143429
 bayar;0,042961732
 bayar;0,042138958
 bayar;0,041910764
 bayar;0,041482126
 bayar;0,040521518
 bayar;0,037402016
 bayar;0,036779595
 bayar;0,036613474
 bayar;0,035363576
 bayar;0,033719497
 bayar;0,032845293
 bayar;0,032775739
 bayar;0,03161158
 bayar;0,031029882
 bayar;0,030333703
 bayar;0,029231051
 bayar;0,028761562
 bayar;0,027911497
 bayar;0,027553918
 bayar;0,027519873
 bayar;0,027429984
 bayar;0,026813087
 bayar;0,026407683
 bayar;0,026114624
 bayar;0,02452863
 bayar;0,02324825
 bayar;0,023244437
 bayar;0,023197227
 bayar;0,022966426
 bayar;0,02254566
 bayar;0,022425758
 bayar;0,022422234
 bayar;0,02208173
 bayar;0,021748817
 bayar;0,021639526
 bayar;0,020876848
 bayar;0,020779076
 bayar;0,019658181
 bayar;0,019574658
 bayar;0,019230308
 bayar;0,019166541
 bayar;0,018163611
 bayar;0,018062866
 bayar;0,017793786
 bayar;0,017653607
 bayar;0,016578962
 bayar;0,016542488
 bayar;0,015805248
 bayar;0,015760589
 bayar;0,015735126
 bayar;0,014755113
 bayar;0,014510601
 bayar;0,014193229
 bayar;0,01406099
 bayar;0,01399296
 bayar;0,012177671
 bayar;0,012068079
 bayar;0,012063421
 bayar;0,012036002
 bayar;0,011883836
 bayar;0,011725958
 bayar;0,011539979
 bayar;0,01136493
 bayar;0,011343649
 bayar;0,011193542
 bayar;0,010794981
 bayar;0,010687488
 bayar;0,010630861
 bayar;0,010575254
 bayar;0,010442891
 bayar;0,010306789
 bayar;0,01024416
 bayar;0,010189201
 bayar;0,01016553
 bayar;0,00885876
 bayar;0,008628408
 bayar;0,008360266
 bayar;0,008194636
 bayar;0,008194508
 bayar;0,00817588
 bayar;0,007961146
 bayar;0,007898433
 bayar;0,006818803
 bayar;0,006693
 bayar;0,005641192
 bayar;0,005059143
 bayar;0,005008963
 bayar;0,004266098
 bayar;0,003704696
 bayar;0,001580704
 bayar;0,000744914
 bayar;0,000327245
 bayar;0,000296843
 bayar;0,000122885
 beban;0,034998039
 beban;0,020972089
 beban;0,011643654
 beban;0,011587323
 beban;0,011572846
 beban;0,010165752
 beban;0,00638485
 beban;0,006115142
 beban;0,005672702
 beban;0,004902802
 beban;0,004062688
 beban;0,003231244
 beban;0,00295378
 beban;0,002888559
 beban;0,002651119
 beban;0,002472422
 beban;0,002229872
 beban;0,002195185
 beban;0,00058816
 beban;0,000137046
 bebas;0,255185146
 bebas;0,234283073
 bebas;0,151588804
 bebas;0,135196512
 bebas;0,127138289
 bebas;0,089007505
 bebas;0,088285359
 bebas;0,08591887
 bebas;0,082628794
 bebas;0,081473411
 bebas;0,079277636
 bebas;0,078689545
 bebas;0,074828908
 bebas;0,071341956
 bebas;0,070728476
 bebas;0,065895048
 bebas;0,064908461
 bebas;0,062627439
 bebas;0,062463234
 bebas;0,061615169
 bebas;0,060610418
 bebas;0,060381295
 bebas;0,060229093
 bebas;0,056691952
 bebas;0,055245813
 bebas;0,048652871
 bebas;0,048049264
 bebas;0,044985056
 bebas;0,044591336
 bebas;0,04388936
 bebas;0,043279592
 bebas;0,043244911
 bebas;0,040184628
 bebas;0,035249387
 bebas;0,034293793
 bebas;0,033002241
 bebas;0,032731949
 bebas;0,032306163
 bebas;0,032113851
 bebas;0,032092365
 bebas;0,029276884
 bebas;0,027885977
 bebas;0,024015808
 bebas;0,022550345
 bebas;0,018628144
 bebas;0,013801144
 bebas;0,006854282
 bebas;0,005646267
 bebas;0,005134287
 bekas;0,042626598
 bela;0,056379854
 bela;0,034918283
 bela;0,007325356
 berani;0,001084545
 berarap;0,098227478
 berarap;0,097007053
 beritaterkini;0,101358429
 berkat;0,043205159
 bersih;0,022386659
 biar;0,164060005
 biar;0,132808093
 biar;0,064802386
 biar;0,063752066
 biar;0,056134574
 biar;0,055272978
 biar;0,055031657
 biar;0,05128923
 biar;0,044591391
 biar;0,036387478
 biar;0,030467046
 biar;0,029637143
 biar;0,025914768
 biar;0,025373913
 biar;0,022909762
 biar;0,022025368
 biar;0,018301451
 biar;0,017462657
 biar;0,01563502
 biar;0,011683561
 biar;0,007435896
 bicara;0,000440418
 bijak;0,057458646
 bijak;0,027792024
 bijak;0,027362797
 bijak;0,018294152
 bijak;0,016107384
 bijak;0,014306205
 bijak;0,01191643
 bijak;0,011440855
 bijak;0,010732111
 bijak;0,010268535
 bijak;0,008923132
 bijak;0,006722443
 bijak;0,005331923
 bijak;0,005328142
 bijak;0,0052357
 bijak;0,004711568
 bijak;0,004608125
 bijak;0,004116848
 bijak;0,003772266
 bijak;0,003065451
 bijak;0,003029133
 bijak;0,001665181
 bilang;0,107317162
 bilang;0,032558959
 bilang;0,018348539
 bilang;0,01657687
 bilang;0,013972087
 bilang;0,013570103
 blok;0,047654676
 bodo;0,000107233
 bodoh;0,023329144
 bong;0,000687164
 bruto;0,08595087
 bruto;0,051994049
 bruto;0,045612341
 bruto;0,028133311
 budak;0,004127545
 bunga;0,049040647
 bunga;0,024845951
 bunga;0,01142245
 buntung;0,164705261
 bus;0,00011153
 buta;0,00145034
 buta;0,000773267
 butuh;0,010827263
 butuh;0,002949965
 butuh;0,00057849
 cantum;0,031833723
 cegah;0,25999608
 cegah;0,256289578
 cegah;0,165162813
 cegah;0,127823903
 cek;0,025521286
 cek;0,025313574
 celah;0,045141982
 celah;0,017025397
 celah;0,008878061
 cerdas;0,184789992
 cipta;0,031209231
 cipta;0,014662506
 cipta;0,01059125
 cita;0,117542075
 covid;0,05726224
 covid;0,013182271
 covid;0,010720664
 covid;0,007918146
 cukai;0,020715677
 cukai;0,009282289
 daftar;0,039855538
 daftar;0,024621728
 daftar;0,011036262
 daftar;0,008937983
 daftar;0,004282909
 daftar;0,003710752
 daftar;0,00315353
 daftar;0,001969842
 daftar;0,001201865
 dagang;0,020983772
 daging;0,000381826
 daging;3,13688E-05
 dampak;0,031579487
 dampak;0,015578748
 dampak;0,012585568
 dampak;0,010305909
 dana;0,091984991
 dana;0,027608447
 dana;0,024560285
 dana;0,024262767
 dana;0,019623857
 dana;0,01927735
 dana;0,017479062
 dapat;0,024226646
 dapat;0,00504295
 darah;0,000553838
 dasar;0,056141557
 dasar;0,031028251
 dasar;0,027391284
 dasar;0,018892489
 dasar;0,013944539
 data;0,186507571
 data;0,167712748
 data;0,13439645
 data;0,128822342
 data;0,125796266
 data;0,108148366
 data;0,079509404
 data;0,06517908
 data;0,052381869
 data;0,038426557
 daya;0,004078554
 denga;0,064131939
 dibebasin;0,000869602
 didik;0,025006885
 didik;0,003382325
 diem;0,000304017
 diesesuaikan;0,035107632
 digedein;0,000360954
 digital;0,02121058
 dikit;0,001791979
 dilipatgandakan;0,072068236
 direktur;0,011704927
 direktur;0,003147326
 direktur;0,001142859
 direktur;0,000987404
 disclosure;0,000142439
 diskon;0,099690137
 diskon;0,035849034
 diskon;0,021721742
 diskon;0,020954605
 diskon;0,018890009
 diskon;0,016732102
 djp;0,04081846
 doang;0,145724651
 doang;0,108395378
 doang;0,065956794
 doang;0,044570406
 doang;0,043864231
 dolar;0,044920555
 dolar;0,043927967
 dolar;0,031022326
 dorong;0,221613733
 dorong;0,221359625
 dorong;0,157466985
 dorong;0,147996171
 dorong;0,136051478
 dorong;0,135224729
 dorong;0,116005995
 dorong;0,104106306
 dorong;0,094520566
 dorong;0,081558488
 dpr;0,027665596
 dpr;0,003832909
 dpr;0,003346438
 dpr;0,00311803
 dpr;0,00145677
 dsb;0,000371002
 dst;0,078107243
 duduk;0,151396696
 duduk;0,126737462
 duduk;0,122546241
 duduk;0,109035747
 duduk;0,091225636
 duduk;0,067650996
 duduk;0,058551201
 duduk;0,031563776
 duit;0,022722503
 duit;0,015843917
 duit;0,011411096
 duit;0,0091808
 duit;0,008526684
 duit;0,004717448
 duit;0,003575068
 duit;0,001067553
 duit;2,57572E-05
 dukung;0,007054423
 dukung;0,006936241
 dukung;0,006581788
 dukung;0,000544404
 dungu;0,000418937
 dunia;0,111828812
 dunia;0,077165231
 dunia;0,051502075
 dusta;0,012924263
 dusta;0,010380403
 edar;0,027210797
 edukasi;0,053116596
 efek;0,041051432
 efek;0,037990535
 efek;0,021723975
 efek;0,020770032
 efektif;0,04805486
 efektif;0,030864427
 efektif;0,016861463
 efektif;0,006258549
 efektif;0,005805334
 efektif;0,004237873
 efektif;0,003070965
 ekonomi;0,033587604
 ekonomi;0,029064441
 ekonomi;0,015286555
 ekonomi;0,005253541
 ekonomi;0,005091071
 ekonomi;0,00432719
 ekonomi;0,003543634
 ekonomi;0,003062953
 ekonomi;0,002677783
 ekonomi;0,001954007
 ekonomi;0,001613151
 ekonomi;0,001053284
 eksekutif;0,250613486
 eksekutif;0,250448686
 eksesif;0,073879174
 eksesif;0,063602221
 elsam;0,044829665
 elu;0,024006429
 elu;0,002919243
 emas;0,000480548
 embat;0,103025574
 embat;0,042441631
 emisi;0,0074758
 fakta;0,024463826
 fakta;0,01052947
 fakta;0,009006806
 fakta;0,007871298
 fakta;0,003563196
 final;0,087211582
 fitra;0,086040519
 funding;1,79555E-05
 g;0,000187899
 ga;0,129872577
 ga;0,052341247
 ga;0,045877882
 ga;0,040970691
 ga;0,040968093
 ga;0,038473652
 ga;0,029415964
 ga;0,029272414
 ga;0,027642542
 ga;0,02665719
 ga;0,024513235
 ga;0,022076977
 ga;0,017845244
 ga;0,017603569
 ga;0,01758725
 ga;0,016601279
 ga;0,015978675
 ga;0,015533122
 ga;0,014813285
 ga;0,010618381
 ga;0,010200299
 ga;0,008488326
 ga;0,005917889
 ga;0,004687046
 ga;0,004457729
 ga;0,004139182
 gabung;0,066776319
 gagal;0,01531033
 gaji;0,008724919
 gaji;0,008362562
 gaji;0,002148206
 gak;0,073651938
 gak;0,029841182
 gak;0,027579001
 gak;0,019701088
 gak;0,018571478
 gak;0,015864364
 gak;0,012757017
 gak;0,009915954
 gak;0,009481156
 gak;0,009353201
 gak;0,009343469
 gak;0,007504023
 gak;0,006911972
 gak;0,006592318
 gak;0,006351278
 gak;0,005696083
 gak;0,005533699
 gak;0,001767655
 gapapa;0,087954724
 gapapa;0,032979061
 gapapa;0,020763542
 garong;0,001750957
 garong;0,000915595
 garuda;0,032706037
 gas;0,008730481
 gegara;0,157255894
 gegara;0,131991859
 gelar;0,06421316
 gelar;0,020733244
 gelar;0,020304756
 gelar;0,019670052
 genius;0,139527636
 genius;0,023799064
 genius;0,0127526
 genjot;0,052159205
 genjot;0,001743407
 genjot;0,001232254
 gerak;0,083670439
 giat;0,062137052
 giat;0,020296271
 global;0,030905779
 gold;0,020151929
 gold;0,01780486
 gotong;0,102540843
 gotong;0,10008312
 gotong;0,069798553
 gotong;0,069204126
 gw;3,61785E-05
 ham;0,001392609
 hap;0,020512228
 harap;0,131730696
 harap;0,092195517
 harap;0,053537423
 harap;0,047742604
 harap;0,043082482
 harap;0,033629277
 harap;0,023214873
 harga;0,07371681
 harga;0,029847733
 harga;0,026200478
 harga;0,022967734
 harga;0,02099312
 harga;0,020208864
 harga;0,016900004
 harga;0,015095595
 harga;0,012286106
 harga;0,01187194
 harga;0,01115224
 harga;0,006577524
 harga;0,00442041
 harmonisasi;0,042767131
 harmonisasi;0,018196972
 harmonisasi;0,017229595
 harmonisasi;0,013508303
 harmonisasi;0,006828615
 harmonisasi;0,005308469
 harmonisasi;0,002360459
 harta;0,075443052
 harta;0,073807794
 harta;0,06884355
 harta;0,067597171
 harta;0,052644083
 harta;0,037731223
 harta;0,036002556
 harta;0,03491215
 harta;0,033215077
 harta;0,029953167
 harta;0,029740674
 harta;0,028649578
 harta;0,024864499
 harta;0,024233067
 harta;0,022861819
 harta;0,022278226
 harta;0,020507304
 harta;0,019746992
 harta;0,019269167
 harta;0,018789798
 harta;0,018279212
 harta;0,017334127
 harta;0,016660835
 harta;0,016278016
 harta;0,013867006
 harta;0,012154696
 harta;0,011267036
 harta;0,01033751
 harta;0,009429795
 harta;0,008022657
 harta;0,007840753
 harta;0,002279892
 harta;0,001021631
 harta;0,000977345
 hasil;0,087870367
 hasil;0,084753356
 hasil;0,082163869
 hasil;0,074496162
 hasil;0,061153659
 hasil;0,057412712
 hasil;0,055018091
 hasil;0,044768388
 hasil;0,044558441
 hasil;0,041052255
 hasil;0,039785125
 hasil;0,037436137
 hasil;0,036331032
 hasil;0,035338789
 hasil;0,034672495
 hasil;0,034672363
 hasil;0,030799741
 hasil;0,03073426
 hasil;0,029636186
 hasil;0,028411248
 hasil;0,028319841
 hasil;0,024137388
 hasil;0,023944283
 hasil;0,023887414
 hasil;0,022244009
 hasil;0,021995255
 hasil;0,021986944
 hasil;0,019212449
 hasil;0,018575462
 hasil;0,018447082
 hasil;0,0179798
 hasil;0,015039519
 hasil;0,013091529
 hasil;0,01264195
 hasil;0,010044896
 hasil;0,000755147
 hasil;0,000652626
 hindar;0,101786747
 hindar;0,099163565
 hindar;0,096642171
 hindar;0,087848889
 hindar;0,086174493
 hindar;0,063427241
 hindar;0,05685597
 hindar;0,053966473
 hindar;0,049404671
 hindar;0,048041108
 hindar;0,045163127
 hindar;0,036194797
 hindar;0,021641836
 hindar;0,015524587
 hindar;0,014660785
 hindar;0,000129166
 hmmm;0,000462063
 hpp;0,060064972
 hpp;0,029270517
 hpp;0,018990401
 hpp;0,012137557
 hpp;0,011437271
 hpp;0,006764458
 hpp;0,003442004
 hubung;0,104781965
 hubung;0,035424453
 hubung;0,006750507
 hukum;0,013858889
 hukum;0,001837342
 hukum;3,38964E-05
 hutang;0,158468865
 hutang;0,138391082
 hutang;0,063747179
 hutang;0,048224605
 hutang;0,048011475
 hutang;0,041936588
 hutang;0,041799641
 hutang;0,039657476
 hutang;0,036524715
 hutang;0,03441178
 hutang;0,034101868
 hutang;0,027082319
 hutang;0,026473
 hutang;0,021990106
 hutang;0,02128836
 hutang;0,019716366
 hutang;0,018776566
 hutang;0,018363707
 hutang;0,016076485
 hutang;0,014053918
 hutang;0,013629919
 hutang;0,012827511
 hutang;0,010006797
 hutang;0,009582798
 hutang;0,006228093
 hutang;0,005926691
 hutang;0,004498062
 hutang;0,002035677
 hutang;0,001060236
 i;0,003365369
 i;0,00173082
 i;0,00041689
 ibrahim;0,031009589
 ii;0,006534727
 ii;0,006323507
 iii;0,064255025
 iklim;0,110959546
 iklim;0,097945769
 iklim;0,093448357
 iklim;0,049218413
 imbang;0,262594152
 imbang;0,089030724
 imbang;0,082801323
 iming;0,000775053
 implementasi;0,156902785
 implementasi;0,154450976
 implementasi;0,126384775
 implementasi;0,088451707
 incar;0,086249366
 incar;0,030511047
 indonesia;0,174147603
 indonesia;0,150112638
 indonesia;0,149728919
 indonesia;0,131723263
 indonesia;0,120398034
 indonesia;0,107101511
 indonesia;0,106433078
 indonesia;0,104085137
 indonesia;0,097784009
 indonesia;0,093917657
 indonesia;0,089797707
 indonesia;0,08722395
 indonesia;0,078957001
 indonesia;0,077263199
 indonesia;0,071732502
 indonesia;0,069606114
 indonesia;0,067760087
 indonesia;0,06586926
 indonesia;0,064847913
 indonesia;0,061671293
 indonesia;0,057377729
 indonesia;0,054412655
 indonesia;0,054149341
 indonesia;0,054088456
 indonesia;0,053570782
 indonesia;0,053059195
 indonesia;0,052637211
 indonesia;0,052637056
 indonesia;0,046582469
 indonesiamaju;0,029568839
 induk;0,02419723
 inflasi;0,037183512
 informasi;0,042441161
 informasi;0,032177
 infrastruktur;0,166940021
 infrastruktur;0,061861265
 infrastruktur;0,03162947
 infustrigula;0,095694793
 instrumen;0,001112107
 integrasi;0,233322649
 integrasi;0,204579984
 integrasi;0,201685931
 integrasi;0,195876401
 integrasi;0,161637173
 integrasi;0,153678619
 integrasi;0,13012532
 integrasi;0,11278585
 integrasi;0,051991875
 investasi;0,16568192
 investasi;0,16480031
 investasi;0,091646778
 isi;9,64938E-05
 islam;0,000195409
 islamphobia;0,04846757
 jabar;0,042712
 jahat;0,011151213
 jahat;0,000492374
 jalan;0,133317485
 jalan;0,074675133
 jalan;0,056092329
 jalan;0,05312745
 jalan;0,051614367
 jalan;0,046601985
 jalan;0,04101362
 jalan;0,037212044
 jalan;0,03262652
 jalan;0,020149807
 jalan;0,005569598
 jaman;0,00028988
 jangka;0,060192491
 jangka;0,028836138
 jangka;0,027947049
 jangka;0,022683488
 janji;0,270820238
 janji;0,137925624
 janji;0,137524008
 janji;0,127484811
 janji;0,095797442
 janji;0,047501842
 janji;0,020262894
 janji;0,019440796
 janji;0,018562075
 janji;0,013725283
 janji;0,011397894
 janji;0,01097881
 janji;0,010212373
 janji;0,008885322
 janji;0,008559826
 janji;0,008539398
 janji;0,008044441
 janji;0,007544153
 janji;0,006635567
 janji;0,005098227
 janji;0,002841599
 janji;0,001335549
 janji;0,000979858
 janji;0,000959372
 jargon;0,001248701
 jasa;0,052626873
 jasa;0,031445639
 jasa;0,008988729
 jasa;0,008435293
 jasa;0,005065227
 jelata;0,048283829
 jelata;0,028266292
 jelata;0,027259342
 jelata;0,024381305
 jelata;0,019275372
 jelata;0,017322412
 jelata;0,01584176
 jelata;0,006231316
 jelata;0,004205904
 jelek;0,021796574
 jelek;0,004988124
 jenderal;0,031647077
 jenderal;0,012605617
 jenius;0,387385881
 jenius;0,357981121
 jenius;0,349030331
 jenius;0,209971564
 jenius;0,209576712
 jenius;0,067389092
 jenius;0,067254082
 jenius;0,06342316
 jenius;0,063417925
 jenius;0,058826831
 jenius;0,054063773
 jenius;0,046337526
 jenius;0,03827372
 jenius;0,031061225
 jenius;0,028851649
 jenius;0,021773732
 jenius;0,017804284
 jenius;0,008033717
 jenius;0,007236102
 jilid;0,313861799
 jilid;0,230786816
 jilid;0,069904096
 jilid;0,060059566
 jilid;0,055167603
 jilid;0,052283293
 jilid;0,049359951
 jilid;0,047086172
 jilid;0,036465033
 jilid;0,035065248
 jilid;0,034548796
 jilid;0,031610104
 jilid;0,029455213
 jilid;0,027286705
 jilid;0,026894951
 jilid;0,025861871
 jilid;0,025311812
 jilid;0,0247007
 jilid;0,023347664
 jilid;0,022086975
 jilid;0,019547636
 jilid;0,016870016
 jilid;0,014890285
 jilid;0,01328821
 jilid;0,010722285
 jilid;0,010356037
 jilid;0,00740271
 jilidii;0,075598913
 jilidii;0,073701659
 jilidii;0,071470745
 jilidii;0,06578132
 jilidii;0,064517323
 jilidii;0,047971562
 jilidii;0,047574235
 jilidii;0,043617664
 jilidii;0,035285955
 jilidii;0,034344502
 jilidii;0,026674236
 jilidii;0,025566604
 jilidii;0,02428639
 jilidii;0,02366132
 jilidii;0,022167708
 jilidii;0,022136575
 jilidii;0,021891105
 jilidii;0,021055412
 jilidii;0,017687489
 jilidii;0,016211905
 jilidii;0,01473789
 jilidii;0,014455694
 jilidii;0,013406719
 jilidii;0,013397272
 jilidii;0,012912737
 jilidii;0,012885327
 jilidii;0,012783981
 jilidii;0,012300737
 jilidii;0,011984697
 jilidii;0,011929503
 jilidii;0,010542715
 jilidii;0,010455659
 jilidii;0,00915663
 jilidii;0,008736487
 jilidii;0,008511522
 jilidii;0,007672402
 jilidii;0,007441036
 jilidii;0,007373484
 jilidii;0,007237036
 jilidii;0,006961907
 jilidii;0,006763357
 jilidii;0,006656366
 jilidii;0,00656132
 jilidii;0,005895473
 jilidii;0,005160399
 jilidii;0,003985525
 jilidii;0,003277046
 jilidii;0,002564798
 jilidii;0,002547285
 jilidii;0,000357877
 jilidii;0,000238223
 jokowimembangunnegeri;0,044250783
 jual;0,012070957
 juang;0,000254024
 juara;0,052375103
 jumatberkah;0,039960445
 jumatberkah;0,03039427
 juta;0,048043684
 juta;0,040544027
 juta;0,034017043
 juta;0,020939644
 juta;0,019078289
 juta;0,014516759
 juta;0,013250465
 juta;0,009754045
 juta;0,008449052
 juta;0,008024757
 juta;0,004813416
 juta;0,000790299
 kabinet;0,003075508
 kabinet;0,002344669
 kaca;0,004095908
 kait;0,004983872
 kalo;0,00059347
 kalo;0,000236641
 kanebo;0,072941998
 kanwil;0,045592171
 karbon;0,268947274
 karbon;0,253711465
 karbon;0,239338718
 karbon;0,238596536
 karbon;0,201828157
 karbon;0,192956521
 karbon;0,187396655
 karbon;0,186893006
 karbon;0,185802879
 karbon;0,159907631
 karbon;0,155113136
 kawanpajak;0,038004185
 kaya;0,045644717
 kaya;0,001075144
 kaya;0,000964954
 keburu;0,050756022
 kelabu;0,001180153
 kembang;0,027315144
 kembang;0,024099955
 kembang;0,023308367
 kemenkeu;0,053179808
 kemenkeu;0,007081162
 kemenkeu;0,004414942
 kena;0,068278544
 kena;0,057837614
 kena;0,036977037
 kena;0,028408774
 kena;0,02673896
 kena;0,025442828
 kena;0,024101656
 kena;0,022650115
 kena;0,021160042
 kena;0,021043883
 kena;0,021009538
 kena;0,019056228
 kena;0,01814083
 kena;0,018077375
 kena;0,018074716
 kena;0,017745694
 kena;0,016667025
 kena;0,015925488
 kena;0,015868617
 kena;0,015211317
 kena;0,014015942
 kena;0,013804342
 kena;0,013508077
 kena;0,013318187
 kena;0,012624625
 kena;0,01131898
 kena;0,01091734
 kena;0,010527704
 kena;0,010448536
 kena;0,009891933
 kena;0,008819995
 kena;0,007598612
 kena;0,007511333
 kena;0,00691404
 kena;0,006814957
 kena;0,006660174
 kena;0,006095979
 kena;0,005870337
 kena;0,005014124
 kena;0,004053547
 kena;0,00323115
 kena;0,003094987
 kena;0,002166923
 kena;0,001787939
 kena;0,000764431
 kenal;0,026491503
 kendali;0,048801063
 kerja;0,090810366
 kerja;0,052816325
 kerja;0,048424951
 kerja;0,032153088
 kerja;0,028319705
 kerja;0,024999747
 kerja;0,022186655
 kerja;0,019225341
 kerja;0,018033146
 kerja;0,005199869
 kerja;0,004590109
 kerja;0,00414317
 kerja;0,003167498
 ketok;0,071252343
 ketok;0,046347571
 keujanan;0,000553467
 khawatir;0,091758513
 khawatir;0,082441641
 klaim;0,175228562
 klaim;0,167041981
 klaim;0,050931892
 kolega;0,001235851
 kolega;0,000906977
 komisi;0,156543081
 komitmen;0,061857999
 konglo;0,042132557
 konglo;0,005864772
 konsep;0,101851891
 konsumsi;0,129953275
 korban;0,00066667
 korupsi;0,006356852
 korupsi;0,006195001
 koruptor;0,00137139
 kpp;0,14177286
 kpp;0,129743677
 krupuk;0,000620381
 ktp;0,090219143
 ktp;0,056574524
 ktp;0,026731904
 ktp;0,021505812
 ktp;0,020846645
 ktp;0,017961527
 ktp;0,016610026
 ktp;0,015350638
 ktp;0,01036562
 ktp;0,008137665
 ktp;0,001673281
 kuasa;0,019478414
 kuasa;0,009011829
 kuasa;0,008786328
 kuasa;0,006710764
 kuasa;0,006568648
 kuasa;0,003857732
 kuasa;0,002740543
 kuasa;0,002076907
 kuat;0,224669989
 kuat;0,211289585
 kuat;0,202296318
 kuat;0,193371975
 kuat;0,192668578
 kuat;0,183750441
 kuat;0,180498337
 kuat;0,176629529
 kuat;0,175196313
 kuat;0,17107777
 kuat;0,155038561
 kuat;0,105981014
 kuat;0,093503357
 kuat;0,080489217
 kuat;0,076138465
 kuat;0,021823898
 kumpul;0,069357208
 kumpul;0,068945381
 kursrupiah;0,016493258
 kurus;0,000114262
 kurus;8,84422E-05
 labu;0,001525033
 laju;0,078616121
 laksana;0,110145793
 laksana;0,110083974
 laksana;0,088762976
 laksana;0,071695185
 laksana;0,056903328
 laksana;0,056791196
 laku;0,070939593
 laku;0,068378886
 laku;0,065524638
 laku;0,059433246
 laku;0,045247256
 laku;0,04254409
 laku;0,041730206
 laku;0,038543314
 laku;0,038170433
 laku;0,036185877
 laku;0,034850772
 laku;0,028410849
 laku;0,027452955
 laku;0,023852406
 langkah;0,026231653
 langkah;0,002816355
 langkah;0,002594052
 langkah;0,001280103
 langsung;0,001521117
 laoly;0,001156862
 layak;0,164409286
 layak;0,030720375
 layan;0,002152274
 legislatif;0,227117664
 legislatif;0,226519959
 lemah;0,134095614
 lembaga;0,06035586
 lembaga;0,019690716
 lengkap;0,015108022
 level;0,104728215
 level;0,04763047
 ln;0,039195371
 ln;0,016023439
 luas;0,185719759
 luas;0,061662265
 luas;0,044345162
 luas;0,024419414
 lumayan;0,042426507
 lumayan;0,009810687
 lumayan;0,007068357
 lupa;0,042372576
 lupa;0,021377225
 mah;0,08578343
 mah;0,019402267
 mah;0,009712243
 mah;0,003314082
 mahal;0,000880266
 maja;0,026762202
 maju;0,23964431
 maju;0,227239243
 maju;0,219849534
 maju;0,21769484
 maju;0,146860556
 manfaat;0,081593296
 manfaat;0,061950289
 manfaat;0,013859869
 masuk;0,002538485
 masyarakat;0,204803231
 masyarakat;0,190713612
 masyarakat;0,174088371
 masyarakat;0,123197525
 masyarakat;0,112050283
 masyarakat;0,106175131
 masyarakat;0,105524698
 masyarakat;0,099804421
 masyarakat;0,088266469
 masyarakat;0,079706993
 masyarakat;0,078142538
 masyarakat;0,07384162
 masyarakat;0,065119046
 masyarakat;0,063343771
 masyarakat;0,047399035
 masyarakat;0,047164623
 masyarakat;0,036461484
 masyarakat;0,035256095
 masyarakat;0,030707961
 masyarakat;0,029253751
 masyarakat;0,02515242
 masyarakat;0,023678249
 masyarakat;0,002876928
 masyarakat;0,001628559
 mata;0,077172891
 mata;0,062223264
 mata;0,004704698
 mata;0,004652574
 mati;8,24022E-05
 medis;0,026128407
 melipargandakan;0,074647888
 melipatgandakan;0,080385706
 memperole;0,082258783
 menengah;0,032571139
 menengah;0,01505328
 menkeu;0,077283123
 menkeu;0,0344112
 menkeu;0,033769188
 menkeu;0,029306949
 menkeu;0,022176786
 menkeu;0,02093273
 menkeu;0,016150202
 menteri;0,072277234
 menteri;0,028930508
 menteri;0,028289706
 menteri;0,02291814
 menteri;0,020954965
 menteri;0,017317392
 menteri;0,012780814
 menteri;0,011220333
 menteri;0,011159848
 menteri;0,009950452
 menteri;0,009412364
 menteri;0,00356239
 menteri;0,001499395
 mewah;0,020021399
 mewah;0,008417731
 mgk;7,43214E-05
 mikro;0,03198009
 mikro;0,019608092
 milik;0,071786254
 milik;0,016997533
 milik;0,015314382
 milik;0,013265767
 milik;0,000475947
 minimum;0,133336431
 minimum;0,133261323
 minimum;0,097232652
 mitigasi;0,065174236
 mitigasi;0,046331989
 moga;0,207451787
 moga;0,085472941
 moga;0,0613783
 moga;0,059013661
 moga;0,056992823
 moga;0,040531203
 moga;0,009689957
 moga;0,006198108
 mudah;0,188377676
 mudah;0,140141562
 mudah;0,116881259
 mudah;0,102723654
 mudah;0,091398964
 mudah;0,056644725
 mudah;0,050716292
 mudah;0,046589283
 mudah;0,045556694
 mudah;0,037764888
 mudah;0,023483967
 multitarif;0,039540765
 mulyani;0,095228443
 mulyani;0,057441844
 mulyani;0,034752399
 mulyani;0,033795581
 mulyani;0,024263624
 mulyani;0,017142315
 mulyani;0,009103415
 murah;0,000155819
 mustahil;0,000842494
 mustahil;0,000589161
 mutlak;0,041219974
 naik;0,130532177
 naik;0,09382365
 naik;0,067166581
 naik;0,047005556
 naik;0,043848524
 naik;0,040890217
 naik;0,040220907
 naik;0,037899541
 naik;0,0346952
 naik;0,032808668
 naik;0,030551065
 naik;0,02788506
 naik;0,011844807
 nasional;0,011638941
 nasional;0,005910651
 nasional;0,00477233
 nasional;0,001981658
 nasional;0,0003038
 negara;0,129219052
 negara;0,118634437
 negara;0,065881312
 negara;0,065677852
 negara;0,045774701
 negara;0,036475312
 negara;0,03491694
 negara;0,033637075
 negara;0,032929183
 negara;0,031688693
 negara;0,025839771
 negara;0,025560537
 negara;0,025305184
 negara;0,021269453
 negara;0,021001801
 negara;0,020364696
 negara;0,019046213
 negara;0,018334074
 negara;0,017530489
 negara;0,016042731
 negara;0,015160994
 negara;0,014505448
 negara;0,012921335
 negara;0,012610878
 negara;0,012393908
 negara;0,012185932
 negara;0,011339619
 negara;0,011120047
 negara;0,011080231
 negara;0,010963298
 negara;0,010850507
 negara;0,01041658
 negara;0,009216786
 negara;0,008886737
 negara;0,007608892
 negara;0,007554643
 negara;0,006790701
 negara;0,006744788
 negara;0,00644263
 negara;0,006373644
 negara;0,006088791
 negara;0,005648127
 negara;0,005613796
 negara;0,004857085
 negara;0,004505543
 negara;0,004375578
 negara;0,004061573
 negara;0,003931056
 negara;0,003758173
 negara;0,003381701
 negara;0,002799615
 negara;0,002226692
 negara;0,001728638
 negara;0,00168523
 negara;0,001241206
 negara;0,00122522
 negara;0,000167702
 negeri;0,091731123
 negeri;0,061082576
 negeri;0,041092106
 negeri;0,036692167
 negeri;0,035254539
 negeri;0,033567961
 negeri;0,03028343
 negeri;0,024025366
 negeri;0,02268298
 negeri;0,021254789
 negeri;0,018712863
 negeri;0,018171383
 negeri;0,017753281
 negeri;0,016135273
 negeri;0,015885219
 negeri;0,015345521
 negeri;0,014136369
 negeri;0,011641528
 negeri;0,010753179
 negeri;0,009640813
 negeri;0,009229297
 negeri;0,005721511
 negeri;0,004503302
 nelayanpetani;0,000247817
 ngapain;0,071846715
 ngapain;0,038696265
 ngawur;0,000393403
 ngegaji;0,000913798
 ngga;0,141857762
 ngga;0,033544113
 nggak;0,017587645
 nggak;0,004707708
 nggak;0,001929352
 nggak;0,000340275
 ngomong;0,000234201
 ngumpetin;0,083105892
 ngumpetin;0,077371554
 ngumpetin;0,035873055
 ngumpetin;0,031841263
 ngumpetin;0,030520074
 ngumpetin;0,015065068
 nik;0,179891751
 nik;0,132880777
 nik;0,129709474
 nik;0,128711907
 nik;0,117026591
 nik;0,093742873
 nik;0,080674614
 nik;0,074683655
 nik;0,071502051
 nik;0,07149785
 nik;0,071423315
 nik;0,057275316
 nik;0,051375737
 nik;0,050247841
 nik;0,050054439
 nik;0,036611326
 nik;0,027998845
 nik;0,02682767
 nik;0,025115026
 nik;0,024751746
 nik;0,01964691
 nik;0,008419544
 nik;0,006519383
 nikmat;0,094389747
 nikmat;0,063567533
 nikmat;0,060671934
 nikmat;0,049732861
 nikmat;0,030525047
 nikmat;0,026864874
 nikmat;0,0246061
 nikmat;0,024197493
 nikmat;0,019884257
 nikmat;0,019643487
 nikmat;0,019484686
 nikmat;0,019122688
 nikmat;0,012255402
 nikmat;0,010269556
 nikmat;0,009989172
 nikmat;0,009563463
 nikmat;0,007700172
 nikmat;0,006764175
 nikmat;0,006549444
 nilai;0,011887134
 nilai;0,005197957
 nilai;0,003872111
 nilai;0,002927557
 nkri;0,001916004
 nolak;0,107204354
 nolak;0,04794768
 nomor;0,048224353
 norma;0,045326577
 npwp;0,14189962
 npwp;0,091844674
 npwp;0,090490311
 npwp;0,082967807
 npwp;0,059592246
 npwp;0,053516214
 npwp;0,047484716
 npwp;0,042967644
 npwp;0,037370135
 npwp;0,032258403
 npwp;0,028416187
 npwp;0,027617574
 npwp;0,026988261
 npwp;0,02366495
 npwp;0,023138237
 npwp;0,021006206
 npwp;0,020641718
 npwp;0,01761184
 npwp;0,017566623
 npwp;0,015657012
 npwp;0,013431966
 npwp;0,01004588
 npwp;0,006039693
 npwp;0,005567785
 npwp;0,000848551
 nyata;0,037708732
 nyata;0,019737006
 oh;0,010629706
 oh;0,009823894
 opini;0,089509983
 opini;0,017113914
 opini;0,015411396
 opini;0,00953866
 opini;0,008895521
 or;0,061968272
 oraig;0,000227657
 orang;0,123222346
 orang;0,061437328
 orang;0,045924772
 orang;0,042291473
 orang;0,041419313
 orang;0,039720947
 orang;0,034354472
 orang;0,023276244
 orang;0,019374682
 orang;0,019286208
 orang;0,018013379
 orang;0,016707459
 orang;0,01542327
 orang;0,014284426
 orang;0,014258378
 orang;0,011122335
 orang;0,0111104
 orang;0,011096887
 orang;0,010803781
 orang;0,010223747
 orang;0,010180667
 orang;0,009578058
 orang;0,009334027
 orang;0,009298548
 orang;0,00915099
 orang;0,008984922
 orang;0,008936609
 orang;0,008483898
 orang;0,00805316
 orang;0,007508715
 orang;0,007415326
 orang;0,007134188
 orang;0,006966431
 orang;0,006794425
 orang;0,006446511
 orang;0,005857194
 orang;0,005057369
 orang;0,005016342
 orang;0,004869295
 orang;0,004765876
 orang;0,0043827
 orang;0,004272173
 orang;0,004156175
 orang;0,003985214
 orang;0,003906795
 orang;0,003651026
 orang;0,003649048
 orang;0,003645757
 orang;0,003484262
 orang;0,003375839
 orang;0,002934291
 orang;0,002846435
 orang;0,002745155
 orang;0,002594042
 orang;0,002543647
 orang;0,002384757
 orang;0,002282188
 orang;0,001936858
 orang;0,001857738
 orang;0,001786624
 orang;0,001080731
 orang;0,000243476
 orientasi;0,057694096
 pagi;0,21136423
 pagi;0,075969127
 pagi;0,040498637
 pagi;0,036364673
 paham;0,023299906
 pahlawan;0,077533485
 paja;0,222055036
 paja;0,155614355
 paja;0,15098243
 paja;0,150572138
 paja;0,149624693
 paja;0,135785828
 paja;0,129109345
 paja;0,118583622
 paja;0,111025422
 paja;0,10313701
 paja;0,09496713
 paja;0,08325667
 paja;0,082025249
 paja;0,081167666
 paja;0,08108098
 paja;0,066201796
 paja;0,017760196
 pajak;0,13602131
 pajak;0,111729149
 pajak;0,100504182
 pajak;0,097143446
 pajak;0,093214827
 pajak;0,092085203
 pajak;0,084279896
 pajak;0,072458409
 pajak;0,068604067
 pajak;0,062453214
 pajak;0,062353516
 pajak;0,061161533
 pajak;0,061036144
 pajak;0,060114
 pajak;0,060021755
 pajak;0,059686798
 pajak;0,059327794
 pajak;0,058235685
 pajak;0,054637861
 pajak;0,053620858
 pajak;0,052768375
 pajak;0,052222327
 pajak;0,052120573
 pajak;0,05047547
 pajak;0,048714853
 pajak;0,046635552
 pajak;0,046182808
 pajak;0,045709628
 pajak;0,045326299
 pajak;0,043950694
 pajak;0,043291542
 pajak;0,042259305
 pajak;0,04196587
 pajak;0,041928898
 pajak;0,041361082
 pajak;0,040867896
 pajak;0,040223062
 pajak;0,039853426
 pajak;0,03960732
 pajak;0,039121028
 pajak;0,038988324
 pajak;0,038866931
 pajak;0,038835647
 pajak;0,037408932
 pajak;0,037256534
 pajak;0,037107656
 pajak;0,037065172
 pajak;0,036853207
 pajak;0,036842436
 pajak;0,036680172
 pajak;0,036662035
 pajak;0,035559922
 pajak;0,035352009
 pajak;0,035066314
 pajak;0,034910201
 pajak;0,034647872
 pajak;0,03410549
 pajak;0,033892866
 pajak;0,032986423
 pajak;0,032975617
 pajak;0,032935647
 pajak;0,032883551
 pajak;0,0326089
 pajak;0,032347602
 pajak;0,031514618
 pajak;0,031301562
 pajak;0,03104231
 pajak;0,030944592
 pajak;0,030733552
 pajak;0,0302322
 pajak;0,029563663
 pajak;0,02946747
 pajak;0,029387873
 pajak;0,029313499
 pajak;0,029239237
 pajak;0,0290589
 pajak;0,028993575
 pajak;0,028930927
 pajak;0,028872085
 pajak;0,028816974
 pajak;0,028799287
 pajak;0,028626223
 pajak;0,028236744
 pajak;0,027981613
 pajak;0,027943063
 pajak;0,027892552
 pajak;0,027835786
 pajak;0,027832469
 pajak;0,027048245
 pajak;0,026982599
 pajak;0,026961332
 pajak;0,026695254
 pajak;0,02611355
 pajak;0,025646511
 pajak;0,025567021
 pajak;0,025564265
 pajak;0,025350769
 pajak;0,025187653
 pajak;0,024897565
 pajak;0,024892764
 pajak;0,02482597
 pajak;0,024774951
 pajak;0,024761815
 pajak;0,024761102
 pajak;0,024690212
 pajak;0,024366785
 pajak;0,024282289
 pajak;0,023948541
 pajak;0,023836116
 pajak;0,023591615
 pajak;0,023431163
 pajak;0,023028542
 pajak;0,022987436
 pajak;0,022923426
 pajak;0,022721126
 pajak;0,022719431
 pajak;0,022711455
 pajak;0,022701178
 pajak;0,022646098
 pajak;0,022519436
 pajak;0,022470163
 pajak;0,022306293
 pajak;0,022151496
 pajak;0,02208346
 pajak;0,022070787
 pajak;0,021854662
 pajak;0,021796927
 pajak;0,021707417
 pajak;0,021699488
 pajak;0,021526562
 pajak;0,02124949
 pajak;0,021173608
 pajak;0,020582486
 pajak;0,020475631
 pajak;0,020344849
 pajak;0,020337873
 pajak;0,020079614
 pajak;0,020012478
 pajak;0,019974653
 pajak;0,019925941
 pajak;0,019919748
 pajak;0,019910731
 pajak;0,019807348
 pajak;0,019364312
 pajak;0,019295595
 pajak;0,019236015
 pajak;0,019074149
 pajak;0,019069975
 pajak;0,018789194
 pajak;0,018781559
 pajak;0,018615707
 pajak;0,018603097
 pajak;0,018380305
 pajak;0,018260312
 pajak;0,018233977
 pajak;0,018013321
 pajak;0,017977547
 pajak;0,017742082
 pajak;0,017566523
 pajak;0,017503574
 pajak;0,017252938
 pajak;0,017219818
 pajak;0,017116493
 pajak;0,016882402
 pajak;0,016860237
 pajak;0,016801018
 pajak;0,016576175
 pajak;0,016294503
 pajak;0,016159842
 pajak;0,016070711
 pajak;0,015960888
 pajak;0,015938017
 pajak;0,015709246
 pajak;0,015501047
 pajak;0,015492171
 pajak;0,015476444
 pajak;0,015425316
 pajak;0,015152864
 pajak;0,015147583
 pajak;0,014689163
 pajak;0,014624504
 pajak;0,014623446
 pajak;0,014535521
 pajak;0,014375742
 pajak;0,014370817
 pajak;0,014324522
 pajak;0,014303092
 pajak;0,014206401
 pajak;0,014072284
 pajak;0,014015868
 pajak;0,013822919
 pajak;0,013727518
 pajak;0,013710911
 pajak;0,01358171
 pajak;0,013500989
 pajak;0,013458642
 pajak;0,013385812
 pajak;0,01331507
 pajak;0,013313675
 pajak;0,013300607
 pajak;0,013279621
 pajak;0,013130852
 pajak;0,013086684
 pajak;0,012723988
 pajak;0,012618681
 pajak;0,01253257
 pajak;0,012441564
 pajak;0,01226603
 pajak;0,012176902
 pajak;0,012167036
 pajak;0,012043284
 pajak;0,011992954
 pajak;0,011966594
 pajak;0,011891268
 pajak;0,0118777
 pajak;0,011630169
 pajak;0,011621136
 pajak;0,011580446
 pajak;0,011500176
 pajak;0,011460448
 pajak;0,011460112
 pajak;0,011402354
 pajak;0,011345636
 pajak;0,011339436
 pajak;0,011296222
 pajak;0,011289718
 pajak;0,011270061
 pajak;0,011269789
 pajak;0,010968893
 pajak;0,010891733
 pajak;0,010737202
 pajak;0,010609265
 pajak;0,010583353
 pajak;0,010411324
 pajak;0,010400775
 pajak;0,010345858
 pajak;0,010265047
 pajak;0,010206957
 pajak;0,010163987
 pajak;0,010014851
 pajak;0,0099843
 pajak;0,009858014
 pajak;0,009711393
 pajak;0,009582371
 pajak;0,009543068
 pajak;0,009537394
 pajak;0,009493364
 pajak;0,009484825
 pajak;0,009424817
 pajak;0,009404068
 pajak;0,009369613
 pajak;0,009286558
 pajak;0,009250606
 pajak;0,009217065
 pajak;0,00920008
 pajak;0,009022167
 pajak;0,008936221
 pajak;0,00882408
 pajak;0,008780563
 pajak;0,008735932
 pajak;0,008664985
 pajak;0,008652466
 pajak;0,008630385
 pajak;0,008613826
 pajak;0,008551194
 pajak;0,008523388
 pajak;0,008469592
 pajak;0,008448115
 pajak;0,008427936
 pajak;0,008357829
 pajak;0,008190046
 pajak;0,008087373
 pajak;0,008054239
 pajak;0,008017891
 pajak;0,007882842
 pajak;0,007830315
 pajak;0,007793517
 pajak;0,007773173
 pajak;0,007728898
 pajak;0,007605933
 pajak;0,007533725
 pajak;0,007529164
 pajak;0,007495469
 pajak;0,007404594
 pajak;0,007320683
 pajak;0,007307098
 pajak;0,007279882
 pajak;0,007227751
 pajak;0,007161385
 pajak;0,006926898
 pajak;0,006853469
 pajak;0,006778307
 pajak;0,006687788
 pajak;0,006588706
 pajak;0,006568714
 pajak;0,006550167
 pajak;0,006463664
 pajak;0,006444765
 pajak;0,006394264
 pajak;0,006369423
 pajak;0,006273299
 pajak;0,006181708
 pajak;0,006180203
 pajak;0,006130718
 pajak;0,006092378
 pajak;0,005908759
 pajak;0,005875906
 pajak;0,005714428
 pajak;0,00571276
 pajak;0,005657296
 pajak;0,005643703
 pajak;0,005638932
 pajak;0,005618139
 pajak;0,005614549
 pajak;0,005612299
 pajak;0,00559974
 pajak;0,005571127
 pajak;0,005547794
 pajak;0,005538923
 pajak;0,005510499
 pajak;0,005462604
 pajak;0,005449009
 pajak;0,005446742
 pajak;0,005404895
 pajak;0,005365737
 pajak;0,005350008
 pajak;0,005268346
 pajak;0,005257438
 pajak;0,005233619
 pajak;0,00520323
 pajak;0,005183442
 pajak;0,005170087
 pajak;0,005094818
 pajak;0,004983826
 pajak;0,0049585
 pajak;0,004954796
 pajak;0,00491177
 pajak;0,004886152
 pajak;0,004847757
 pajak;0,00481712
 pajak;0,004797827
 pajak;0,004694868
 pajak;0,004683296
 pajak;0,004633981
 pajak;0,004609074
 pajak;0,004564671
 pajak;0,004521518
 pajak;0,004508892
 pajak;0,0045034
 pajak;0,004462875
 pajak;0,004384641
 pajak;0,004370861
 pajak;0,004350383
 pajak;0,004311777
 pajak;0,0042765
 pajak;0,004197759
 pajak;0,004194405
 pajak;0,004190691
 pajak;0,004164208
 pajak;0,004127157
 pajak;0,004012443
 pajak;0,003920663
 pajak;0,003880854
 pajak;0,00385098
 pajak;0,003774821
 pajak;0,003757335
 pajak;0,00366497
 pajak;0,003648444
 pajak;0,00364013
 pajak;0,003592761
 pajak;0,003578611
 pajak;0,003481395
 pajak;0,00344819
 pajak;0,003416552
 pajak;0,003354128
 pajak;0,003342641
 pajak;0,003329975
 pajak;0,003306842
 pajak;0,003282709
 pajak;0,003241073
 pajak;0,003193748
 pajak;0,003143048
 pajak;0,003142401
 pajak;0,003032636
 pajak;0,00301644
 pajak;0,002974614
 pajak;0,002970195
 pajak;0,002964665
 pajak;0,002917042
 pajak;0,002884054
 pajak;0,002843346
 pajak;0,002773816
 pajak;0,002749436
 pajak;0,002641872
 pajak;0,002522706
 pajak;0,0024028
 pajak;0,002358172
 pajak;0,002341743
 pajak;0,002312522
 pajak;0,002262377
 pajak;0,002167817
 pajak;0,002158282
 pajak;0,002141115
 pajak;0,002098073
 pajak;0,00207563
 pajak;0,001997539
 pajak;0,001959221
 pajak;0,001885348
 pajak;0,001881056
 pajak;0,001871946
 pajak;0,00179558
 pajak;0,001768653
 pajak;0,001765052
 pajak;0,001670522
 pajak;0,001659606
 pajak;0,001645952
 pajak;0,001640685
 pajak;0,001606168
 pajak;0,001602388
 pajak;0,001594151
 pajak;0,001585256
 pajak;0,0014496
 pajak;0,001431828
 pajak;0,001355157
 pajak;0,001332635
 pajak;0,001297237
 pajak;0,00128608
 pajak;0,001258813
 pajak;0,001100918
 pajak;0,001057554
 pajak;0,001041847
 pajak;0,000963098
 pajak;0,000931044
 pajak;0,000919241
 pajak;0,000798425
 pajak;0,000774334
 pajak;0,00074323
 pajak;0,000663612
 pajak;0,000649493
 pajak;0,000647576
 pajak;0,000633851
 pajak;0,000584693
 pajak;0,000529992
 pajak;0,000482688
 pajak;0,000449682
 pajak;0,000425296
 pajak;0,000371901
 pajak;0,00036148
 pajak;0,00032599
 pajak;0,000311938
 pajak;0,000277443
 pajak;0,000258292
 pajak;0,000229428
 pajak;0,000215243
 pajak;0,000198732
 pajak;0,000166474
 pajak;0,000141583
 pajak;0,000123999
 pajak;0,00011322
 pajak;0,000101842
 pajak;5,302E-05
 pajak;5,1634E-05
 pajak;3,13638E-05
 pajak;7,9435E-07
 pajakberkeadilan;0,075944694
 pajakberkeadilan;0,036019854
 pajakkitauntukkita;0,044515409
 pajakkuatindonesiamaju;0,057596435
 pajakperasrakyat;0,04618167
 pakpolnya;0,145693915
 pancasila;0,001824569
 pandemi;0,100208621
 pandemi;0,095148212
 pandemi;0,075122181
 pandemi;0,057705882
 pandemi;0,051928401
 pandemi;0,047552569
 pandemi;0,040080124
 pandemi;0,038209577
 pandemi;0,03551805
 partai;0,036213573
 pasar;0,031755485
 pasti;0,027783378
 pasu;0,00085088
 patuh;0,122369306
 patuh;0,121924328
 patuh;0,105675721
 patuh;0,102063317
 patuh;0,096643577
 patuh;0,082817579
 patuh;0,066047068
 patuh;0,045517015
 patuh;0,031603166
 patuh;0,031434142
 patuh;0,019329646
 patuh;0,013511982
 patuh;0,010471714
 patuh;0,009977202
 patuh;0,00918915
 patuh;0,007498012
 patuh;0,006649161
 patut;5,20E-06
 pdip;0,000316367
 pemkot;0,047221726
 penegasaan;0,074236216
 pengaruh;0,073496888
 peran;0,074565371
 peran;0,054574991
 perata;0,065751583
 percaya;0,113579231
 percaya;0,112920375
 percaya;0,041053199
 percaya;0,030999821
 perekonimian;0,078379578
 perilaku;0,008060457
 perintah;0,09175105
 perintah;0,090029682
 perintah;0,065600714
 perintah;0,064246261
 perintah;0,061864986
 perintah;0,044161548
 perintah;0,04408475
 perintah;0,039279181
 perintah;0,032093094
 perintah;0,028848392
 perintah;0,024939844
 perintah;0,023480896
 perintah;0,02304447
 perintah;0,021929341
 perintah;0,020434914
 perintah;0,020235614
 perintah;0,018961538
 perintah;0,018592053
 perintah;0,017567272
 perintah;0,017410898
 perintah;0,016489095
 perintah;0,01637271
 perintah;0,014707686
 perintah;0,014557792
 perintah;0,013299865
 perintah;0,01253212
 perintah;0,012335524
 perintah;0,011370361
 perintah;0,009460978
 perintah;0,008410822
 perintah;0,007368848
 perintah;0,00726897
 perintah;0,007154229
 perintah;0,007008245
 perintah;0,006495344
 perintah;0,006024173
 perintah;0,005629542
 perintah;0,00539408
 perintah;0,005200433
 perintah;0,004360675
 perintah;0,004043707
 perintah;0,004016803
 perintah;0,003911893
 perintah;0,003568422
 perintah;0,003429854
 perintah;0,001746025
 perintah;0,001206801
 perkara;0,001612617
 persen;0,00962567
 persen;0,002562619
 persen;0,001587626
 persen;0,001127181
 persen;0,001016003
 persen;0,000342317
 persen;0,000272736
 persen;0,000261609
 petinggi;0,104504955
 petinggi;0,047793677
 picu;0,023275528
 picu;0,02297102
 pihak;0,023464875
 pihak;0,018490361
 pihak;0,015865489
 pilih;0,145537287
 pilih;0,144974163
 pilih;0,074982166
 pilih;0,040127891
 pilih;0,019521119
 pilih;0,014475199
 pimpin;0,137936174
 pimpin;0,076569711
 pimpin;0,045712983
 pimpin;0,039289349
 pimpin;0,025500054
 pimpin;0,024900314
 pimpin;0,021893019
 pimpin;0,020915775
 pimpin;0,015995118
 pinter;0,000187842
 pisah;0,057529256
 pisah;0,044868358
 poin;0,012456218
 pokok;0,043232087
 pokok;0,043075277
 pokok;0,025056734
 pokok;0,002088445
 pon;0,011607279
 posisi;0,012053031
 positif;0,090861079
 positif;0,050653997
 positif;0,044326047
 potensi;0,163725346
 potensi;0,116723635
 potensi;0,109901894
 potensi;0,062371727
 pph;0,148012403
 pph;0,108872671
 pph;0,107323597
 pph;0,1046658
 pph;0,082919077
 pph;0,074011263
 pph;0,059383561
 pph;0,055849479
 pph;0,036324073
 pph;0,035706064
 pph;0,02531596
 pph;0,025111992
 ppn;0,093141444
 ppn;0,091021216
 ppn;0,063327295
 ppn;0,061247435
 ppn;0,047246644
 ppn;0,043696301
 ppn;0,043241128
 ppn;0,040407266
 ppn;0,039047442
 ppn;0,030793445
 ppn;0,029070339
 ppn;0,027204306
 ppn;0,02703144
 ppn;0,024797452
 ppn;0,023662837
 ppn;0,020990831
 ppn;0,020215097
 ppn;0,019986313
 ppn;0,019564741
 ppn;0,016969151
 ppn;0,016526741
 ppn;0,011718489
 ppn;0,009881369
 ppn;0,006709882
 ppn;0,006541531
 ppn;0,005693617
 ppn;0,005328224
 ppn;0,004219803
 ppn;0,003703678
 ppn;0,002995702
 ppn;0,002602368
 ppn;0,002438152
 pps;0,076193932
 pps;0,006578128
 pratama;0,105829012
 pres;0,034765946
 pribadi;0,066854323
 pribadi;0,041344227
 pribadi;0,039378373
 pribadi;0,013631123
 problem;0,020923238
 program;0,071831551
 program;0,048648481
 program;0,045324414
 program;0,039960139
 program;0,036188831
 program;0,034106038
 program;0,032935104
 program;0,026830145
 program;0,020301065
 program;0,017795606
 program;0,012127112
 program;0,010219784
 program;0,009276081
 program;0,009083601
 program;0,00823225
 program;0,007044221
 program;0,004398067
 program;0,003883599
 program;8,46E-06
 properti;0,111216786
 properti;0,109829021
 proses;0,145441482
 proses;0,138481524
 pt;0,037542742
 pt;0,021050866
 ptkp;0,021474746
 publik;0,002111617
 pungut;0,003766757
 puruk;0,000225461
 rajin;0,126350591
 rajin;0,017673836
 rajin;0,015856137
 rakyat;0,168566267
 rakyat;0,141463051
 rakyat;0,141058013
 rakyat;0,017241313
 rakyat;0,017205907
 rakyat;0,015126886
 rakyat;0,009800176
 rakyat;0,001833689
 rantai;0,103468032
 raup;0,165978085
 raup;0,161504843
 raup;0,108008572
 raup;0,10690828
 rb;0,025960972
 receh;0,00026798
 reformasi;0,409288314
 reformasi;0,396249106
 reformasi;0,354626923
 reformasi;0,302129256
 reformasi;0,295006167
 reformasi;0,277954283
 reformasi;0,273490308
 reformasi;0,229186404
 reformasi;0,227596952
 reformasi;0,19384242
 reformasi;0,190943331
 reformasi;0,043715896
 rei;0,098107514
 rei;0,097876781
 rela;0,286833033
 rela;0,229267033
 rela;0,118127435
 relevan;0,116051766
 relevan;0,1153265
 rencana;0,038074602
 rencana;0,010791692
 rencana;0,008147153
 rencana;0,006272828
 rencana;0,003665437
 rendah;0,053815267
 rendah;0,014500675
 rendah;0,014268424
 rendah;0,008314681
 reputasi;0,083503226
 review;0,000113368
 ri;0,292906274
 ri;0,264985409
 ri;0,234974545
 ri;0,226064416
 ri;0,220312963
 ri;0,145062006
 ridho;0,009255267
 ringan;0,014667365
 ringan;0,001415988
 ringan;0,001084097
 royong;0,093573461
 royong;0,09042387
 rp;0,28571461
 rp;0,282606689
 rp;0,200437608
 rp;0,193071613
 rp;0,177523354
 rp;0,15112768
 rp;0,145507889
 rp;0,136623848
 rp;0,131454533
 rp;0,125839946
 rp;0,120628753
 rp;0,117310075
 rp;0,116891507
 rp;0,115319353
 rp;0,101904114
 rp;0,099239406
 rp;0,096844957
 rp;0,096219547
 rp;0,093906138
 rp;0,087450284
 rp;0,08740546
 rp;0,080171243
 rp;0,07673428
 rp;0,074680854
 rp;0,062160096
 rp;0,04237278
 rumah;0,003443874
 rupiah;0,261491895
 rupiah;0,256084294
 rupiah;0,244953068
 rupiah;0,233722024
 rupiah;0,232661613
 rupiah;0,228537036
 rupiah;0,22354993
 rupiah;0,222454157
 rupiah;0,222034864
 rupiah;0,217783383
 rupiah;0,211667522
 rupiahhariini;0,030489428
 ruuhpp;0,178535681
 ruuhpp;0,15687616
 ruuhpp;0,140402299
 ruuhpp;0,114188058
 ruuhpp;0,111249921
 ruuhpp;0,104053728
 ruuhpp;0,10225155
 ruuhpp;0,091658187
 ruuhpp;0,089674364
 ruuhpp;0,089317087
 ruuhpp;0,086079022
 ruuhpp;0,081216633
 ruuhpp;0,076356257
 ruuhpp;0,071438973
 ruuhpp;0,068528406
 ruuhpp;0,067085949
 ruuhpp;0,060838195
 ruuhpp;0,06017748
 ruuhpp;0,058746552
 ruuhpp;0,05665268
 ruuhpp;0,042171943
 ruuhpp;0,041934959
 ruuhpp;0,034027464
 ruuhppuntukmasyarakatkecil;0,362522621
 ruuhppuntukmasyarakatkecil;0,291345207
 ruuhppuntukmasyarakatkecil;0,220835786
 ruuhppuntukmasyarakatkecil;0,142927791
 ruuhppuntukmasyarakatkecil;0,023475781
 s;0,007023285
 said;0,001168571
 salah;0,139817497
 salah;0,103254375
 salah;0,0794484
 salah;0,070133874
 salah;0,062615442
 salah;0,061631196
 salah;0,051265962
 salah;0,049099438
 salah;0,045085039
 salah;0,038439888
 salah;0,036322877
 salah;0,034402093
 salah;0,033880714
 salah;0,033458676
 salah;0,033399781
 salah;0,031958457
 salah;0,028365944
 salah;0,021993267
 salah;0,02107206
 sandwich;0,032712993
 sandwich;0,003341063
 sandwich;0,002983381
 sangsi;9,12231E-05
 sbn;0,112842489
 sbn;0,107710189
 sederhana;0,14179603
 sederhana;0,136306715
 sederhana;0,028591097
 sehat;0,02568866
 sehat;0,007682029
 sehat;0,001599791
 sejahtera;0,009582102
 sektor;0,182427749
 sektor;0,108715649
 sektor;0,10773949
 sektor;0,096182295
 sektor;0,079489577
 sektor;0,078827
 sektor;0,048413788
 selamat;0,164655924
 selamat;0,084355166
 selamat;0,061001171
 selamat;0,053689214
 selamat;0,037720178
 selamat;0,021387416
 selamat;0,021342206
 selasa;0,011936485
 selasa;0,003890203
 selasa;0,003332622
 semangat;0,121876656
 sembunyi;0,056376631
 sembunyi;0,029505222
 sembunyi;0,021724033
 sembunyi;0,017702575
 sembunyi;0,014614583
 sembunyi;0,011258839
 sembunyi;0,009033096
 sembunyi;0,007672647
 sempat;0,016322318
 sempat;0,000853221
 senang;4,22755E-05
 sengsara;0,044496626
 sengsara;0,015645837
 sengsara;0,014303742
 sengsara;0,007110592
 sengsara;0,006998867
 sengsara;0,005253054
 sentimen;0,237497431
 sentimen;0,233207442
 sentimen;0,205852135
 sentimen;0,204025275
 sentimen;0,200384919
 sentimen;0,196238151
 sentimen;0,195941597
 sentimen;0,189729637
 sentimen;0,183260042
 seram;0,10245013
 serang;0,000475704
 serbi;0,000454136
 sibuk;0,00013399
 sidik;0,020532337
 sidik;0,005324758
 simpan;0,069518757
 simpan;0,040364452
 simpan;0,025642954
 simpan;0,022261869
 simpan;0,002873322
 sistem;0,122706533
 sistem;0,12123753
 sistem;0,120621079
 sistem;0,114121687
 sistem;0,096971353
 sistem;0,0953916
 sistem;0,083159747
 sistem;0,080790757
 sistem;0,079989103
 sistem;0,076613923
 sistem;0,07232058
 sistem;0,052237219
 sistem;0,042665534
 sistem;0,017036637
 skala;0,079389569
 skenario;0,092916398
 solid;0,021294854
 solid;0,019761943
 sosialisasi;0,118682325
 sosialisasi;0,086517797
 sptnya;0,000105715
 sri;0,0746607
 sri;0,069402783
 sri;0,063176267
 sri;0,037400996
 sri;0,033811213
 sri;0,029864764
 sri;0,027626961
 sri;0,026407396
 sri;0,013832016
 sri;0,013606771
 sri;0,008156244
 stabilitas;0,121612538
 stabilitas;0,025085046
 strategi;0,069642144
 strategi;0,05971417
 strategi;0,052104976
 strategis;0,033589724
 suap;0,049873172
 subsidi;0,000506051
 sukarela;0,000726991
 sukarela;1,81676E-06
 sulit;0,08418516
 sulit;0,033548297
 sulit;0,033261191
 sulit;0,024654697
 sulit;0,022727046
 sulit;0,017040314
 sulit;0,014529891
 sulit;0,013736343
 sulit;0,012304305
 sulit;0,012111817
 sulit;0,008978877
 sulit;0,005427369
 sulit;0,004745864
 sulit;0,003258094
 sulit;0,002258026
 sulit;0,001231946
 sulit;0,000757265
 sumber;0,005174181
 surat;0,02584
 surat;0,002164449
 syarat;0,088329323
 syarat;0,075756474
 t;1,34125E-05
 ta;0,026124521
 ta;0,001370209
 taat;0,066745475
 taat;0,059807432
 taat;0,057033844
 taat;0,035106246
 taat;0,024400432
 taat;0,023709183
 taat;0,021679731
 taat;0,016064518
 taat;0,014484209
 taat;0,013375249
 taat;0,009518294
 taat;0,006422263
 taat;0,006253332
 tajir;0,141866055
 tambah;0,016462573
 tambah;0,013231798
 tambah;0,003154783
 tambah;0,002134342
 tangan;0,026155613
 tangan;0,000135736
 tangkap;0,025568908
 tangkap;0,004976747
 tangkap;0,004430897
 tara;0,023859194
 tara;0,01100216
 target;0,017653494
 target;0,016480526
 target;0,003586452
 target;0,002960936
 tari;0,020515085
 tarif;0,116822904
 tarif;0,112181447
 tarif;0,108929176
 tarif;0,091796185
 tarif;0,056539366
 tarif;0,038289821
 tarif;0,035058002
 tarif;0,032086042
 tarif;0,029363884
 tarif;0,019671078
 tarif;0,016720363
 tarif;0,014117796
 tarif;0,004844862
 tarif;0,004330413
 tarif;0,000555291
 tata;0,090931581
 tata;0,062935131
 tauk;0,00017092
 tax;0,01170235
 taxamnesty;0,360210096
 taxamnesty;0,269727636
 taxamnesty;0,254065451
 taxamnesty;0,228769592
 taxamnesty;0,220696351
 taxamnesty;0,214972673
 taxamnesty;0,199230539
 taxamnesty;0,18775877
 taxamnesty;0,177719754
 taxamnesty;0,169253985
 taxamnesty;0,16504303
 taxamnesty;0,163476121
 taxamnesty;0,162534443
 taxamnesty;0,157122687
 taxamnesty;0,154947303
 taxamnesty;0,149947228
 taxamnesty;0,145362967
 taxamnesty;0,143985473
 taxamnesty;0,141861583
 taxamnesty;0,139801294
 taxamnesty;0,136464859
 taxamnesty;0,136410405
 taxamnesty;0,130506467
 taxamnesty;0,128588346
 taxamnesty;0,117786771
 taxamnesty;0,114893089
 taxamnesty;0,111081775
 taxamnesty;0,102553109
 taxamnesty;0,101324868
 taxamnesty;0,101216503
 taxamnesty;0,100841613
 taxamnesty;0,100696648
 taxamnesty;0,100340752
 taxamnesty;0,099303397
 taxamnesty;0,097960503
 taxamnesty;0,097731594
 taxamnesty;0,096181862
 taxamnesty;0,094959981
 taxamnesty;0,087789321
 taxamnesty;0,087423318
 taxamnesty;0,085255009
 taxamnesty;0,082577858
 taxamnesty;0,082134951
 taxamnesty;0,081740998
 taxamnesty;0,080733694
 taxamnesty;0,080444026
 taxamnesty;0,080374009
 taxamnesty;0,077734084
 taxamnesty;0,077340661
 taxamnesty;0,077196326
 taxamnesty;0,07630575
 taxamnesty;0,07606099
 taxamnesty;0,075447975
 taxamnesty;0,075410666
 taxamnesty;0,074340155
 taxamnesty;0,074321338
 taxamnesty;0,072339213
 taxamnesty;0,070122963
 taxamnesty;0,070023636
 taxamnesty;0,06677151
 taxamnesty;0,066038407
 taxamnesty;0,06319327
 taxamnesty;0,062726423
 taxamnesty;0,061810392
 taxamnesty;0,061802154
 taxamnesty;0,059008945
 taxamnesty;0,0590069
 taxamnesty;0,059005544
 taxamnesty;0,05869289
 taxamnesty;0,058385063
 taxamnesty;0,058171609
 taxamnesty;0,058139572
 taxamnesty;0,058118645
 taxamnesty;0,057897992
 taxamnesty;0,05742533
 taxamnesty;0,057135462
 taxamnesty;0,057132117
 taxamnesty;0,055943438
 taxamnesty;0,055875933
 taxamnesty;0,054014205
 taxamnesty;0,053669974
 taxamnesty;0,052009042
 taxamnesty;0,051004991
 taxamnesty;0,050428268
 taxamnesty;0,047858456
 taxamnesty;0,047252351
 taxamnesty;0,046745815
 taxamnesty;0,046668728
 taxamnesty;0,046054973
 taxamnesty;0,045859973
 taxamnesty;0,045790052
 taxamnesty;0,04567184
 taxamnesty;0,045436189
 taxamnesty;0,044801154
 taxamnesty;0,044780821
 taxamnesty;0,044713653
 taxamnesty;0,044599668
 taxamnesty;0,044215679
 taxamnesty;0,043739319
 taxamnesty;0,042436731
 taxamnesty;0,042408307
 taxamnesty;0,041605281
 taxamnesty;0,041555334
 taxamnesty;0,04132835
 taxamnesty;0,040675095
 taxamnesty;0,040289643
 taxamnesty;0,03999721
 taxamnesty;0,039051813
 taxamnesty;0,038549759
 taxamnesty;0,037768253
 taxamnesty;0,037571843
 taxamnesty;0,036106615
 taxamnesty;0,035977105
 taxamnesty;0,035895402
 taxamnesty;0,034636007
 taxamnesty;0,034560211
 taxamnesty;0,03408643
 taxamnesty;0,033690367
 taxamnesty;0,033244799
 taxamnesty;0,03303658
 taxamnesty;0,032952557
 taxamnesty;0,032831282
 taxamnesty;0,032371753
 taxamnesty;0,032226548
 taxamnesty;0,031501083
 taxamnesty;0,031189035
 taxamnesty;0,030995236
 taxamnesty;0,030905571
 taxamnesty;0,030565166
 taxamnesty;0,030359767
 taxamnesty;0,030216422
 taxamnesty;0,030212025
 taxamnesty;0,030129121
 taxamnesty;0,027653345
 taxamnesty;0,027176543
 taxamnesty;0,026999812
 taxamnesty;0,026633712
 taxamnesty;0,025880937
 taxamnesty;0,02581363
 taxamnesty;0,025632605
 taxamnesty;0,024132419
 taxamnesty;0,024060571
 taxamnesty;0,024058637
 taxamnesty;0,02397008
 taxamnesty;0,023689294
 taxamnesty;0,023668853
 taxamnesty;0,022984261
 taxamnesty;0,022728002
 taxamnesty;0,022460335
 taxamnesty;0,02237294
 taxamnesty;0,022156343
 taxamnesty;0,022044814
 taxamnesty;0,022034917
 taxamnesty;0,021889772
 taxamnesty;0,021814878
 taxamnesty;0,021776931
 taxamnesty;0,021634881
 taxamnesty;0,021341931
 taxamnesty;0,020978395
 taxamnesty;0,020842819
 taxamnesty;0,020828219
 taxamnesty;0,020465718
 taxamnesty;0,020290884
 taxamnesty;0,020240814
 taxamnesty;0,019748705
 taxamnesty;0,019618231
 taxamnesty;0,019359717
 taxamnesty;0,019017634
 taxamnesty;0,018999887
 taxamnesty;0,018860566
 taxamnesty;0,018705224
 taxamnesty;0,018672546
 taxamnesty;0,018544157
 taxamnesty;0,01793328
 taxamnesty;0,017105518
 taxamnesty;0,016946033
 taxamnesty;0,016370908
 taxamnesty;0,016038597
 taxamnesty;0,015818522
 taxamnesty;0,015278137
 taxamnesty;0,01525695
 taxamnesty;0,0151423
 taxamnesty;0,014297525
 taxamnesty;0,014158449
 taxamnesty;0,014036752
 taxamnesty;0,013882684
 taxamnesty;0,013880711
 taxamnesty;0,013864473
 taxamnesty;0,013854477
 taxamnesty;0,013606606
 taxamnesty;0,013605021
 taxamnesty;0,012715828
 taxamnesty;0,012710007
 taxamnesty;0,012190662
 taxamnesty;0,011900312
 taxamnesty;0,01184106
 taxamnesty;0,011794001
 taxamnesty;0,011718242
 taxamnesty;0,011594933
 taxamnesty;0,011425726
 taxamnesty;0,010904561
 taxamnesty;0,010853369
 taxamnesty;0,01032553
 taxamnesty;0,009911875
 taxamnesty;0,009777906
 taxamnesty;0,009647301
 taxamnesty;0,009020122
 taxamnesty;0,008535965
 taxamnesty;0,008477786
 taxamnesty;0,008245035
 taxamnesty;0,008064405
 taxamnesty;0,007996024
 taxamnesty;0,00797551
 taxamnesty;0,007967802
 taxamnesty;0,007695465
 taxamnesty;0,00766347
 taxamnesty;0,007550336
 taxamnesty;0,007226348
 taxamnesty;0,007163932
 taxamnesty;0,006943437
 taxamnesty;0,006625245
 taxamnesty;0,006333428
 taxamnesty;0,00627253
 taxamnesty;0,006140218
 taxamnesty;0,005885199
 taxamnesty;0,005313851
 taxamnesty;0,005285162
 taxamnesty;0,00502773
 taxamnesty;0,004968495
 taxamnesty;0,004585325
 taxamnesty;0,004097952
 taxamnesty;0,003473478
 taxamnesty;0,00334468
 taxamnesty;0,002896174
 taxamnesty;0,002652593
 taxamnesty;0,002563282
 taxamnesty;0,00215048
 taxamnesty;0,002143839
 taxamnesty;0,001966711
 taxamnesty;0,001674014
 taxamnesty;0,001288092
 taxamnesty;0,000904807
 taxamnesty;0,000895209
 taxamnesty;0,00086141
 taxamnesty;0,000743935
 taxamnesty;0,000739949
 taxamnesty;0,000691308
 taxamnesty;0,000419319
 taxamnesty;0,000335315
 taxamnesty;4,19512E-05
 taxamnesty;0,048708173
 tegal;0,088810555
 teknologi;0,016282943
 tel;5,83335E-05
 telur;0,000747275
 temen;0,114729136
 temen;0,051040123
 temu;0,021352418
 temu;0,001138926
 tentu;0,202668469
 tentu;0,181913684
 tentu;0,181713863
 tentu;0,16402338
 tentu;0,140665775
 terap;0,134974272
 terap;0,120825394
 terap;0,113668229
 terap;0,100162834
 terap;0,094592131
 terap;0,054754521
 terap;0,03185495
 terap;0,031270653
 terap;0,029475527
 terap;0,028244804
 terima;0,061758883
 terima;0,059849278
 terima;0,024147956
 terima;0,016072482
 terima;0,016067303
 terima;0,007568537
 terima;0,007324874
 terima;0,004278364
 terima;0,002182478
 termasu;0,134495195
 tetap;0,000143177
 tetep;0,000165441
 tiada;0,029396468
 tinggal;0,098089482
 tinggal;0,03618081
 tinggal;0,017496811
 tinggal;0,013218596
 tinggal;0,009506646
 tinggal;0,009222954
 tinggal;0,005383189
 tingkat;0,116635155
 tingkat;0,103421792
 tingkat;0,092326005
 tingkat;0,082180552
 tingkat;0,078514031
 tingkat;0,06880687
 tingkat;0,059675445
 tingkat;0,054585087
 tingkat;0,053901528
 tingkat;0,051830763
 tingkat;0,049744947
 tingkat;0,046311653
 tingkat;0,043905771
 tingkat;0,042256663
 tingkat;0,033271627
 tingkat;0,028062792
 tingkat;0,028043848
 tingkat;0,025399443
 tingkat;0,006049013
 tol;0,000587138
 tolak;0,022119358
 tolak;0,015481096
 trfx;0,030611647
 triliun;0,052282
 triliun;0,038833726
 triliun;0,02658371
 triliun;0,022688576
 triliun;0,021127472
 triliun;0,021007203
 triliun;0,018226751
 triliun;0,016003798
 triliun;0,015592038
 triliun;0,01380022
 triliun;0,005404238
 triliun;0,005185472
 tsb;1,79118E-05
 tu;0,000196206
 tuang;0,056697915
 tuang;0,028099158
 tugas;0,142337431
 tugas;0,083805499
 tugas;0,078025316
 tugas;0,068773665
 tugas;0,064105746
 tugas;0,057840407
 tuju;0,233861032
 tuju;0,231120023
 tuju;0,204868153
 tuju;0,153043854
 tuju;0,138386828
 tuju;0,124053062
 tuju;0,122306456
 tuju;0,113057687
 tuju;0,098589776
 tuju;0,085938168
 tuju;0,085231118
 tuju;0,080169663
 tuju;0,078369868
 tuju;0,077041192
 tuju;0,053391931
 tuju;0,03662888
 tuju;0,024448025
 tuju;0,011073177
 tuju;0,009786724
 tukar;0,018057245
 tukar;0,010273739
 tumbuh;0,061859696
 tumbuh;0,059184618
 tumbuh;0,031368415
 tunai;0,02807267
 turun;0,053785233
 turun;0,039413221
 turun;0,037763668
 turun;0,031959313
 turun;0,002384966
 turun;0,001944974
 turun;0,001461528
 tutup;0,150505623
 tutup;0,146723782
 tutup;0,145090154
 tutup;0,139524977
 tutup;0,133098661
 tutup;0,132882572
 tutup;0,121760952
 tutup;0,101732442
 tutup;0,099798222
 u;0,002915619
 uang;0,03999972
 uang;0,007160395
 uang;0,002652818
 uang;0,002336306
 ubah;0,076868694
 ubah;0,072216856
 ubah;0,068637432
 ubah;0,065976932
 ubah;0,063265265
 ubah;0,058652977
 ubah;0,045726933
 ubah;0,031534724
 ubah;0,023773995
 ubah;0,02284946
 ubah;0,021991277
 ubah;0,016407448
 ubah;0,015775581
 ubah;0,005312702
 uber;0,001559009
 udah;0,029389624
 udah;0,006865706
 udah;0,001364661
 udah;0,000778549
 udah;0,000702465
 udah;0,000676305
 udah;0,000194718
 ugalan;0,038960065
 ugalan;0,014326528
 ugalan;0,005590309
 ukm;0,031993605
 ulang;0,025250538
 umkm;0,457026605
 umkm;0,339939616
 umkm;0,282245758
 umkm;0,272143462
 umkm;0,235738146
 umkm;0,226976143
 umkm;0,215013468
 umkm;0,1892921
 umkm;0,094538342
 untung;0,040876987
 untung;0,01118356
 untung;0,005730101
 untung;0,00548635
 untung;0,004998142
 untung;0,004867625
 untung;0,004770589
 untung;0,004666857
 untung;0,003894115
 untung;0,003861456
 untung;0,00335639
 untung;0,003301198
 untung;0,003283675
 untung;0,003135308
 untung;0,003017396
 upayapemerintah;0,053965271
 upeti;0,000956735
 urus;0,155802523
 urus;0,082191202
 urus;0,074626255
 urus;0,062288457
 urus;0,055488521
 urus;0,04663372
 urus;0,034818949
 usaha;0,040204037
 usaha;0,028616813
 usaha;0,013178682
 usaha;0,012687428
 usaha;0,008033628
 usaha;0,007819678
 usaha;0,00695398
 usaha;0,006540279
 usaha;0,005710348
 usaha;0,005187381
 usaha;0,003244811
 usaha;0,003192698
 usaha;0,002726078
 usaha;0,002438333
 usaha;0,002146359
 usaha;0,000692836
 usaha;0,000401763
 utama;0,074459246
 utama;0,039433188
 uu;0,023642144
 uu;0,01850023
 uu;0,012302788
 uu;0,010689041
 uu;0,009692136
 uu;0,008574398
 uu;0,008384985
 uu;0,004026601
 uu;0,002071636
 uu;0,001815501
 uu;0,000448456
 uu;0,000174018
 uuhpp;0,446888937
 uuhpp;0,440569462
 uuhpp;0,318001115
 uuhpp;0,304138386
 uuhpp;0,301016135
 uuhpp;0,277788436
 uuhpp;0,276035347
 uuhpp;0,275228764
 uuhpp;0,269988134
 uuhpp;0,232808478
 uuhpp;0,226483016
 uuhpp;0,222403283
 uuhpp;0,214493183
 uuhpp;0,209102933
 uuhpp;0,202184072
 uuhpp;0,201701248
 uuhpp;0,201394788
 uuhpp;0,199376677
 uuhpp;0,179862403
 uuhpp;0,178048809
 uuhpp;0,159522449
 uuhpp;0,135715908
 uuhpp;0,13281453
 uuhpp;0,118598245
 uuhpp;0,117371803
 uuhpp;0,108485497
 uuhpp;0,099444969
 uuhpp;0,098439239
 uuhpp;0,09033737
 uuhpp;0,086007737
 uuhpp;0,04584487
 waji;0,019589956
 wajib;0,307207751
 wajib;0,288926153
 wajib;0,239759696
 wajib;0,239379535
 wajib;0,238220572
 wajib;0,231552019
 wajib;0,227003504
 wajib;0,217500881
 wajib;0,209994674
 wajib;0,206624785
 wajib;0,204676014
 wajib;0,203493338
 wajib;0,202591655
 wajib;0,199640996
 wajib;0,191515702
 wajib;0,176258929
 wajib;0,173040791
 wajib;0,169155243
 wajib;0,162434296
 wajib;0,156027506
 wajib;0,151545962
 wajib;0,134198702
 wajib;0,125316603
 wajib;0,119600205
 wajib;0,114967121
 wajib;0,113190741
 wajib;0,111039763
 wajib;0,101685766
 wajib;0,100645542
 wajib;0,096181299
 wajib;0,095995101
 wajib;0,089441017
 wajib;0,087959335
 wajib;0,084631647
 wajib;0,081145901
 wajib;0,081113669
 wajib;0,073445962
 wajib;0,069891388
 wajib;0,067070145
 wajib;0,066491016
 wajib;0,065142649
 wajib;0,062732318
 wajib;0,057019235
 wajib;0,051495967
 wajib;0,050776776
 wajib;0,043208324
 wajib;0,036806059
 wajib;0,030860102
 wajib;0,028687959
 wajib;0,235516154
 wajib;0,226935165
 wajib;0,220429063
 wajib;0,21058978
 wajib;0,20571152
 wajib;0,205153813
 wajib;0,204668703
 wajib;0,199800322
 wajib;0,198797307
 wajib;0,172293408
 wajib;0,168347996
 wajib;0,166408083
 wajib;0,163672614
 wajib;0,147498372
 wajib;0,141087216
 wajib;0,136135688
 wajib;0,124832746
 wajib;0,123877776
 wajib;0,121406621
 wajib;0,120704282
 wajib;0,120555472
 wajib;0,11606786
 wajib;0,09231829
 wajib;0,091330823
 wajib;0,088016385
 wajib;0,083883331
 wajib;0,081467388
 wajib;0,078645213
 wajib;0,077343502
 wajib;0,072132161
 wajib;0,06845689
 wajib;0,063302027
 wajib;0,059101232
 wajib;0,054540108
 wajib;0,052420007
 wajib;0,04172268
 wajib;0,04160721
 wajib;0,040961651
 wajib;0,030974759
 wajib;0,027750541
 wakli;0,000232626
 wakli;0,001443192
 wamenkeu;0,225464531
 wamenkeu;0,217065083
 wamenkeu;0,13556027
 wamenkeu;0,189311881
 wamenkeu;0,183639036
 wamenkeu;0,107118366
 wenang;0,023867729
 wenang;0,010684934
 widodo;0,001478552
 wni;0,021340492
 wni;0,028019015
 wni;0,002825794
 wow;0,001215672
 wujud;0,058316038
 wujud;0,052501839
 wujud;0,043869352
 wujud;0,023375994
 wujud;0,009861005
 wujud;0,046965823
 wujud;0,042102809
 wujud;0,038823494
 wujud;0,008754566
 wujud;0,007222895
 x;0,000160496
 x;0,000220781
 xi;0,151232509
 xi;0,152324532
 ya;0,003489115
 yaa;0,110775203
 yaa;0,070807641
 yaa;0,039568211
 yaa;0,036026642
 yaa;0,028884246
 yaa;0,163596596
 yaa;0,106129994
 yaa;0,054129383
 yaa;0,050858212
 yaa;0,045137554
 yaahh;0,000497193
 yasonna;0,002546597
 yudikatif;0,251761881
 yudikatif;0,251520163
 yudikatif;0,209619165
 yudikatif;0,209480889
